{
  "pareto_front": [
    {
      "number": 4,
      "values": [
        3.644202875283289
      ],
      "params": {
        "hidden_size": 197,
        "p": 3.515619317401767,
        "k": 4,
        "delta": 0.4003091164903511,
        "signific_p_multiplier": 3.5295613355350497,
        "allow_pathway_interaction": true,
        "n_epochs": 18,
        "batch_size": 76,
        "learning_rate": 0.015147272931826876
      }
    }
  ],
  "n_trials": 5,
  "n_complete": 5,
  "n_pruned": 0,
  "best_value_history": [
    3.6464654730157924,
    3.6464654730157924,
    3.6458956407600502,
    3.6458956407600502,
    3.644202875283289
  ]
}